114,
107,
99,
90,
79,
75,
72,
71,
70,
69,
67,
64,
63,
62,
57,
52,
47,
39,
32,
27,
21,
18,
16,
13,
8,
4,
0,
0,
0,
0,
0,
0,
-1,
-3,
-3,
-1,
12,
45,
88,
111,
140,
150,
122,
65,
-7,
-56,
-89,
-105,
-115,
-119,
-110,
-91,
-71,
-46,
-15,
26,
54,
67,
63,
61,
67,
73,
77,
78,
77,
77,
88,
100,
101,
106,
112,
118,
119,
117,
115,
114,
114,
114,
115,
102,
84,
77,
74,
75,
78,
80,
73,
69,
65,
58,
54,
51,
48,
43,
37,
27,
21,
21,
23,
23,
19,
13,
7,
1,
0,
0,
0,
0,
0,
0,
-1,
2,
19,
52,
96,
120,
142,
144,
115,
54,
-6,
-46,
-81,
-95,
-104,
-105,
-99,
-88,
-60,
-34,
-12,
4,
22,
32,
34,
34,
32,
33,
37,
43,
45,
46,
44,
44,
43,
42,
45,
47,
47,
48,
48,
47,
43,
40,
40,
38,
36,
34,
29,
24,
22,
22,
20,
18,
18,
22,
23,
22,
20,
19,
17,
17,
16,
14,
12,
11,
8,
5,
1,
0,
0,
0,
-3,
-5,
-9,
-10,
-8,
-4,
8,
30,
60,
80,
102,
105,
81,
35,
-22,
-68,
-88,
-102,
-105,
-97,
-85,
-56,
-27,
0,
21,
38,
53,
61,
66,
74,
85,
95,
98,
99,
102,
99,
96,
96,
96,
106,
110,
112,
114,
115,
117,
116,
112,
108,
100,
90,
83,
65,
61,
59,
57,
56,
54,
51,
47,
45,
44,
40,
36,
33,
27,
20,
17,
16,
18,
20,
16,
7,
0,
0,
-2,
-6,
-7,
-8,
-15,
-21,
-24,
-24,
-16,
21,
71,
108,
131,
148,
136,
98,
18,
-40,
-82,
-105,
-117,
-120,
-115,
-105,
-80,
-51,
-23,
1,
24,
41,
54,
60,
72,
78,
81,
83,
82,
84,
96,
107,
115,
119,
120,
123,
124,
124,
124,
123,
122,
121,
112,
95,
81,
77,
75,
73,
66,
60,
57,
55,
53,
52,
49,
45,
41,
37,
31,
26,
21,
18,
17,
13,
10,
5,
3,
2,
0,
-1,
-3,
-4,
-4,
-6,
-9,
-9,
-5,
12,
41,
80,
100,
121,
122,
94,
28,
-27,
-61,
-89,
-101,
-108,
-110,
-107,
-94,
-68,
-40,
-19,
0,
16,
26,
30,
31,
36,
42,
46,
54,
63,
71,
84,
89,
90,
95,
97,
99,
100,
100,
101,
100,
99,
95,
84,
75,
72,
70,
68,
70,
70,
68,
66,
61,
55,
50,
48,
45,
42,
38,
34,
29,
26,
23,
21,
19,
16,
11,
6,
3,
0,
0,
0,
0,
0,
-3,
-6,
-3,
13,
50,
98,
126,
152,
158,
125,
50,
-31,
-83,
-121,
-134,
-141,
-139,
-129,
-102,
-67,
-32,
0,
0,
10,
14,
13,
12,
11,
12,
16,
20,
22,
23,
21,
21,
23,
24,
26,
27,
28,
28,
27,
26,
25,
24,
21,
18,
16,
15,
13,
12,
12,
12,
12,
11,
10,
10,
10,
9,
8,
7,
6,
5,
5,
6,
5,
5,
6,
8,
6,
2,
0,
0,
0,
0,
0,
0,
0,
7,
28,
62,
109,
135,
163,
176,
151,
90,
0,
-51,
-98,
-115,
-121,
-117,
-104,
-70,
-35,
0,
24,
33,
36,
40,
46,
51,
50,
50,
52,
53,
52,
53,
57,
61,
64,
66,
73,
82,
84,
88,
93,
94,
92,
89,
79,
70,
66,
65,
64,
63,
62,
62,
64,
62,
60,
57,
55,
52,
50,
48,
42,
37,
34,
31,
31,
28,
22,
21,
9,
2,
0,
1,
5,
5,
7,
8,
8,
9,
19,
51,
94,
131,
157,
177,
165,
123,
38,
-26,
-74,
-98,
-107,
-109,
-104,
-95,
-70,
-33,
0,
31,
48,
58,
60,
57,
53,
56,
64,
73,
78,
77,
77,
80,
83,
86,
91,
97,
101,
105,
106,
103,
98,
95,
93,
92,
88,
82,
75,
69,
61,
56,
54,
53,
52,
55,
55,
53,
49,
44,
38,
33,
27,
23,
20,
20,
19,
14,
8,
0,
-5,
-8,
-9,
-9,
-10,
-9,
-9,
-10,
-7,
3,
31,
67,
88,
108,
115,
91,
44,
-14,
-59,
-83,
-92,
-96,
-96,
-89,
-63,
-35,
-12,
0,
6,
22,
29,
29,
34,
38,
40,
47,
67,
81,
85,
83,
86,
98,
113,
119,
123,
124,
123,
121,
115,
113,
113,
114,
113,
108,
100,
94,
88,
88,
93,
90,
87,
80,
74,
69,
64,
60,
55,
46,
38,
32,
28,
23,
17,
14,
10,
7,
4,
5,
5,
6,
6,
6,
5,
5,
6,
15,
32,
56,
72,
90,
101,
88,
57,
1,
-33,
-61,
-71,
-76,
-74,
-68,
-57,
-41,
-30,
-21,
-14,
-8,
-2,
1,
2,
3,
4,
6,
7,
10,
13,
15,
18,
20,
23,
27,
32,
35,
37,
38,
38,
38,
38,
37,
33,
32,
28,
24,
22,
22,
23,
23,
24,
25,
24,
23,
22,
20,
16,
14,
13,
10,
7,
4,
1,
1,
1,
1,
2,
3,
3,
3,
6,
7,
9,
9,
11,
20,
37,
58,
78,
95,
116,
119,
92,
25,
-14,
-54,
-75,
-85,
-86,
-84,
-78,
-58,
-40,
0,
47,
92,
120,
135,
137,
137,
145,
150,
153,
156,
157,
164,
194,
208,
211,
215,
219,
224,
232,
239,
234,
224,
213,
194,
163,
146,
135,
127,
123,
124,
122,
118,
112,
106,
104,
102,
97,
87,
76,
64,
53,
45,
38,
32,
27,
23,
21,
14,
6,
3,
3,
4,
5,
5,
5,
5,
7,
11,
21,
40,
67,
87,
107,
122,
113,
79,
9,
-39,
-78,
-97,
-111,
-116,
-113,
-101,
-72,
-50,
-37,
-7,
23,
62,
79,
87,
91,
97,
107,
120,
127,
124,
120,
118,
116,
114,
116,
118,
119,
120,
119,
111,
94,
89,
86,
83,
68,
53,
46,
45,
43,
41,
39,
37,
36,
34,
30,
26,
23,
20,
18,
15,
13,
11,
10,
9,
7,
6,
6,
5,
3,
0,
-2,
-2,
-5,
-9,
-13,
-17,
-18,
-15,
-5,
12,
29,
39,
48,
44,
28,
-5,
-31,
-51,
-60,
-66,
-67,
-63,
-57,
-43,
-30,
-17,
-5,
5,
15,
23,
30,
34,
38,
41,
41,
41,
41,
43,
46,
47,
48,
51,
54,
55,
59,
62,
62,
61,
61,
59,
53,
48,
47,
43,
41,
40,
40,
39,
37,
36,
36,
34,
32,
29,
27,
23,
18,
14,
11,
12,
14,
15,
14,
9,
5,
4,
5,
6,
7,
7,
8,
8,
7,
10,
29,
61,
104,
127,
149,
150,
117,
38,
-10,
-48,
-77,
-89,
-96,
-95,
-89,
-68,
-37,
0,
33,
57,
78,
95,
97,
97,
109,
126,
148,
162,
165,
167,
168,
195,
238,
270,
296,
314,
328,
326,
320,
309,
298,
287,
284,
264,
223,
195,
187,
183,
179,
164,
157,
146,
129,
118,
110,
95,
73,
64,
53,
46,
41,
32,
34,
34,
32,
32,
13,
6,
6,
6,
3,
3,
4,
0,
8,
26,
48,
79,
132,
160,
183,
183,
149,
62,
-21,
-74,
-110,
-119,
-123,
-115,
-112,
-108,
-79,
-59,
-44,
-23,
6,
11,
10,
9,
10,
15,
17,
20,
20,
18,
16,
14,
13,
15,
15,
16,
16,
14,
14,
15,
15,
16,
15,
15,
14,
13,
10,
8,
8,
9,
9,
9,
9,
10,
10,
12,
12,
11,
10,
10,
9,
10,
12,
12,
10,
7,
5,
3,
2,
2,
3,
6,
7,
7,
8,
8,
16,
39,
74,
120,
145,
169,
168,
133,
46,
-25,
-74,
-106,
-122,
-132,
-130,
-117,
-87,
-59,
-27,
0,
23,
45,
62,
67,
69,
76,
87,
98,
104,
105,
105,
105,
103,
107,
116,
123,
127,
128,
130,
130,
130,
129,
124,
117,
108,
100,
94,
91,
88,
86,
80,
75,
73,
74,
73,
70,
66,
62,
57,
49,
42,
38,
34,
28,
20,
14,
10,
9,
4,
-1,
-4,
-3,
0,
0,
0,
1,
3,
15,
30,
48,
60,
76,
84,
72,
47,
2,
-37,
-53,
-58,
-59,
-56,
-50,
-32,
-12,
0,
20,
41,
55,
56,
56,
60,
69,
79,
87,
90,
92,
92,
94,
98,
107,
114,
117,
126,
142,
152,
154,
149,
144,
139,
127,
117,
111,
108,
106,
105,
104,
99,
95,
91,
87,
84,
79,
71,
60,
51,
44,
38,
32,
29,
26,
22,
13,
4,
2,
2,
3,
3,
4,
4,
4,
4,
3,
4,
15,
34,
59,
71,
83,
89,
75,
32,
0,
-27,
-53,
-64,
-72,
-73,
-69,
-53,
-27,
0,
27,
49,
63,
72,
77,
79,
85,
93,
103,
115,
129,
140,
150,
162,
175,
194,
200,
202,
204,
205,
204,
202,
197,
190,
183,
174,
159,
144,
128,
117,
107,
100,
88,
79,
71,
68,
67,
64,
60,
54,
47,
37,
31,
30,
30,
28,
26,
22,
13,
6,
4,
8,
13,
18,
19,
19,
19,
20,
28,
51,
79,
94,
109,
120,
109,
79,
24,
-16,
-43,
-53,
-59,
-60,
-59,
-51,
-23,
0,
0,
14,
21,
30,
43,
54,
52,
49,
51,
53,
55,
56,
63,
72,
79,
80,
81,
82,
84,
85,
84,
77,
70,
69,
66,
64,
63,
52,
40,
37,
35,
34,
32,
29,
26,
26,
25,
25,
24,
20,
17,
13,
11,
10,
10,
9,
7,
3,
2,
0,
-1,
-2,
-2,
-2,
-2,
-3,
-3,
-1,
6,
20,
43,
80,
106,
132,
137,
105,
33,
-35,
-78,
-107,
-119,
-124,
-124,
-119,
-97,
-64,
-27,
3,
26,
39,
47,
57,
66,
69,
72,
74,
73,
73,
72,
71,
73,
80,
85,
85,
88,
92,
96,
95,
92,
86,
74,
66,
66,
65,
63,
59,
57,
52,
49,
47,
43,
41,
43,
42,
41,
37,
32,
27,
24,
22,
17,
12,
8,
6,
5,
3,
0,
-3,
-4,
-5,
-7,
-9,
-11,
-16,
-19,
-16,
-3,
26,
68,
92,
119,
132,
107,
56,
-19,
-70,
-107,
-122,
-128,
-125,
-118,
-105,
-82,
-54,
-26,
-2,
0,
0,
6,
13,
17,
26,
30,
30,
29,
27,
25,
24,
25,
34,
39,
40,
44,
55,
68,
72,
75,
74,
71,
68,
65,
59,
55,
53,
52,
52,
51,
51,
51,
50,
48,
46,
40,
34,
29,
24,
21,
19,
18,
17,
13,
7,
4,
2,
0,
0,
0,
0,
0,
0,
-4,
-2,
13,
51,
102,
130,
159,
171,
174,
89,
-5,
-84,
-140,
-159,
-168,
-167,
-161,
-144,
-107,
-64,
-25,
13,
43,
60,
67,
67,
64,
65,
70,
75,
79,
82,
83,
84,
83,
82,
85,
88,
91,
92,
93,
92,
85,
75,
69,
63,
55,
50,
44,
34,
27,
25,
25,
25,
25,
25,
24,
21,
18,
15,
13,
11,
10,
10,
10,
8,
6,
4,
1,
0,
0,
0,
0,
0,
1,
3,
4,
4,
14,
40,
72,
109,
132,
153,
146,
106,
20,
-40,
-84,
-109,
-119,
-120,
-116,
-108,
-85,
-59,
-22,
4,
22,
23,
22,
21,
26,
32,
38,
39,
34,
32,
29,
27,
27,
30,
28,
28,
35,
42,
43,
42,
41,
41,
41,
40,
32,
27,
24,
24,
25,
25,
24,
24,
23,
25,
28,
26,
25,
24,
22,
19,
13,
12,
14,
14,
14,
13,
8,
1,
0,
-1,
-2,
-3,
-3,
-4,
-6,
-6,
5,
25,
51,
95,
127,
156,
166,
139,
87,
5,
-52,
-92,
-106,
-115,
-116,
-111,
-95,
-70,
-43,
-15,
10,
32,
45,
52,
55,
56,
57,
63,
71,
75,
81,
84,
85,
86,
88,
95,
103,
108,
110,
109,
105,
95,
85,
80,
78,
73,
68,
63,
53,
50,
48,
46,
45,
46,
45,
43,
38,
35,
32,
29,
27,
24,
20,
18,
19,
17,
12,
7,
2,
1,
1,
1,
0,
-1,
-4,
-6,
-8,
-6,
7,
41,
86,
108,
125,
126,
102,
45,
-14,
-47,
-64,
-75,
-82,
-83,
-79,
-74,
-53,
-28,
-9,
0,
0,
0,
12,
16,
17,
24,
32,
33,
33,
40,
55,
66,
75,
82,
84,
86,
88,
89,
89,
87,
84,
82,
83,
83,
77,
66,
60,
59,
58,
56,
57,
60,
58,
55,
52,
48,
45,
41,
35,
30,
25,
22,
21,
18,
14,
8,
4,
3,
2,
2,
2,
1,
1,
1,
1,
5,
26,
60,
106,
155,
177,
179,
181,
182,
-63,
-117,
-138,
-151,
-152,
-145,
-131,
-97,
-61,
-28,
-1,
19,
36,
45,
50,
52,
52,
54,
64,
70,
74,
74,
72,
72,
75,
80,
86,
90,
95,
97,
96,
93,
89,
87,
84,
80,
72,
62,
55,
52,
51,
52,
53,
54,
60,
64,
62,
57,
52,
48,
42,
36,
30,
26,
22,
19,
14,
8,
4,
3,
3,
3,
3,
3,
3,
1,
3,
10,
25,
48,
75,
93,
114,
118,
95,
42,
-12,
-51,
-71,
-83,
-86,
-80,
-69,
-47,
-23,
2,
27,
47,
59,
64,
61,
58,
67,
71,
74,
77,
82,
86,
90,
94,
101,
112,
116,
116,
118,
118,
116,
113,
111,
107,
103,
93,
83,
79,
76,
72,
70,
68,
63,
57,
54,
51,
48,
45,
45,
44,
39,
33,
26,
27,
30,
28,
23,
10,
1,
0,
-2,
-2,
2,
9,
10,
10,
10,
11,
21,
50,
94,
143,
170,
190,
177,
137,
59,
3,
-39,
-69,
-81,
-82,
-73,
-67,
-58,
-35,
-4,
13,
27,
32,
31,
29,
28,
29,
34,
42,
51,
54,
54,
53,
57,
57,
58,
61,
64,
67,
68,
69,
68,
67,
62,
52,
50,
49,
47,
43,
37,
33,
33,
33,
33,
31,
30,
28,
26,
25,
22,
19,
15,
12,
11,
9,
6,
5,
4,
2,
0,
0,
-1,
-2,
-5,
-8,
-12,
-16,
-17,
-9,
17,
47,
66,
84,
98,
87,
56,
-3,
-47,
-79,
-94,
-105,
-109,
-107,
-101,
-76,
-47,
-13,
11,
30,
44,
50,
58,
70,
80,
91,
98,
105,
124,
139,
142,
139,
137,
137,
139,
136,
135,
137,
139,
137,
134,
131,
124,
116,
110,
106,
103,
99,
95,
89,
83,
80,
79,
76,
73,
68,
62,
54,
46,
37,
30,
26,
21,
15,
10,
5,
3,
1,
1,
1,
1,
1,
1,
0,
-1,
2,
17,
42,
75,
93,
112,
115,
91,
31,
-20,
-56,
-83,
-97,
-104,
-103,
-93,
-60,
-20,
0,
25,
46,
64,
76,
78,
74,
79,
90,
99,
101,
100,
94,
90,
86,
84,
84,
90,
92,
89,
87,
82,
74,
68,
62,
53,
43,
38,
35,
31,
29,
29,
31,
33,
34,
34,
34,
34,
32,
30,
28,
26,
22,
19,
17,
16,
16,
15,
11,
4,
0,
0,
0,
0,
-4,
-8,
-11,
-14,
-14,
-10,
4,
17,
41,
53,
65,
70,
57,
29,
-5,
-31,
-51,
-60,
-66,
-69,
-66,
-62,
-20,
-1,
13,
26,
38,
50,
58,
63,
67,
72,
79,
84,
89,
92,
94,
96,
100,
103,
108,
114,
117,
121,
123,
119,
115,
111,
105,
97,
92,
86,
79,
73,
70,
67,
64,
60,
58,
55,
54,
51,
45,
40,
33,
26,
22,
19,
14,
14,
15,
11,
6,
3,
1,
1,
1,
2,
2,
-4,
-6,
4,
29,
61,
92,
110,
126,
122,
98,
37,
-15,
-55,
-67,
-73,
-74,
-71,
-59,
-25,
0,
17,
29,
41,
51,
64,
73,
80,
86,
89,
94,
107,
122,
129,
135,
138,
147,
156,
162,
169,
175,
178,
180,
178,
174,
164,
149,
135,
126,
119,
112,
103,
94,
88,
83,
81,
76,
74,
69,
62,
55,
44,
34,
26,
22,
21,
20,
16,
9,
3,
0,
-1,
-2,
-2,
-2,
-2,
-2,
-3,
-4,
-2,
12,
39,
77,
98,
120,
128,
105,
51,
-18,
-66,
-101,
-115,
-122,
-122,
-117,
-99,
-71,
-40,
-10,
4,
23,
32,
40,
45,
54,
76,
100,
105,
103,
100,
96,
98,
106,
108,
109,
109,
110,
111,
109,
106,
102,
97,
87,
77,
72,
70,
67,
61,
54,
48,
45,
42,
39,
37,
37,
35,
32,
27,
22,
19,
17,
16,
17,
17,
11,
4,
2,
2,
1,
1,
1,
0,
0,
0,
0,
1,
9,
25,
49,
65,
81,
90,
78,
51,
0,
-21,
-50,
-66,
-72,
-75,
-76,
-72,
-49,
-29,
-6,
17,
24,
24,
27,
37,
37,
38,
42,
49,
52,
58,
60,
58,
59,
66,
66,
68,
71,
72,
71,
72,
72,
72,
70,
69,
64,
60,
60,
59,
56,
56,
57,
56,
57,
58,
61,
60,
60,
57,
53,
47,
38,
32,
31,
31,
35,
34,
22,
14,
9,
10,
15,
15,
17,
17,
17,
15,
19,
38,
68,
108,
132,
157,
168,
143,
92,
15,
-35,
-79,
-106,
-116,
-118,
-116,
-111,
-88,
-61,
-29,
0,
18,
36,
50,
51,
55,
61,
67,
68,
69,
68,
67,
68,
79,
90,
102,
106,
110,
112,
111,
108,
106,
106,
103,
93,
83,
81,
80,
80,
79,
76,
72,
67,
63,
62,
63,
60,
53,
49,
46,
37,
28,
26,
28,
30,
28,
21,
16,
10,
7,
10,
12,
13,
13,
12,
14,
22,
34,
52,
74,
95,
114,
128,
117,
90,
34,
-5,
-27,
-35,
-37,
-34,
-27,
-8,
0,
8,
26,
39,
42,
41,
38,
35,
36,
37,
42,
46,
47,
47,
47,
49,
54,
57,
57,
59,
61,
59,
57,
53,
47,
38,
32,
28,
24,
19,
15,
13,
12,
12,
13,
15,
15,
14,
13,
12,
11,
9,
7,
5,
4,
4,
5,
6,
5,
2,
0,
0,
0,
0,
0,
0,
0,
0,
0,
0,
8,
29,
56,
93,
119,
145,
149,
122,
48,
-17,
-68,
-87,
-98,
-101,
-100,
-89,
-51,
-10,
17,
55,
95,
126,
146,
150,
145,
143,
163,
182,
192,
204,
211,
217,
219,
219,
219,
225,
234,
236,
242,
239,
222,
193,
169,
154,
146,
141,
135,
122,
102,
79,
73,
62,
59,
58,
56,
52,
44,
36,
29,
25,
22,
19,
16,
13,
13,
4,
0,
0,
-1,
-2,
-2,
0,
7,
7,
8,
8,
9,
20,
52,
101,
131,
157,
153,
107,
27,
-23,
-54,
-86,
-100,
-104,
-103,
-96,
-80,
-57,
-27,
-9,
0,
0,
12,
12,
11,
14,
17,
21,
28,
29,
27,
24,
22,
23,
24,
27,
31,
34,
38,
42,
43,
42,
40,
41,
43,
42,
39,
36,
39,
40,
40,
40,
40,
49,
66,
76,
77,
76,
72,
68,
66,
60,
55,
50,
45,
38,
28,
18,
13,
11,
6,
0,
0,
0,
0,
-1,
-2,
3,
26,
69,
112,
141,
162,
146,
100,
10,
-52,
-100,
-136,
-147,
-149,
-145,
-136,
-110,
-80,
-56,
-37,
-22,
-11,
-6,
-1,
4,
11,
13,
15,
18,
21,
24,
25,
24,
24,
26,
27,
28,
29,
30,
30,
31,
31,
31,
29,
27,
24,
21,
20,
20,
20,
21,
21,
22,
22,
21,
20,
18,
17,
15,
12,
8,
6,
5,
5,
5,
5,
5,
6,
8,
10,
9,
7,
7,
4,
2,
4,
13,
35,
61,
75,
91,
102,
91,
62,
8,
-33,
-56,
-66,
-69,
-65,
-58,
-38,
-17,
6,
28,
48,
57,
66,
75,
79,
81,
85,
95,
106,
115,
121,
124,
129,
134,
142,
148,
156,
159,
161,
159,
153,
151,
148,
128,
120,
110,
103,
97,
92,
88,
84,
81,
79,
75,
71,
65,
60,
54,
50,
44,
36,
28,
23,
20,
20,
17,
8,
4,
4,
4,
4,
2,
2,
2,
2,
4,
13,
26,
53,
96,
119,
139,
146,
125,
75,
11,
-30,
-68,
-85,
-94,
-95,
-85,
-70,
-53,
-40,
-9,
23,
51,
78,
86,
81,
79,
81,
86,
91,
97,
105,
116,
124,
136,
143,
148,
151,
155,
156,
157,
161,
162,
154,
146,
144,
136,
131,
117,
103,
99,
98,
95,
91,
87,
82,
78,
79,
76,
65,
53,
44,
35,
26,
22,
24,
27,
28,
19,
8,
3,
3,
4,
4,
4,
4,
4,
6,
22,
47,
80,
101,
122,
133,
117,
80,
17,
-26,
-54,
-69,
-77,
-80,
-78,
-71,
-50,
-26,
-1,
19,
35,
44,
47,
43,
41,
40,
43,
46,
51,
57,
62,
65,
66,
66,
67,
68,
69,
71,
72,
70,
68,
65,
58,
51,
45,
42,
42,
42,
41,
40,
38,
36,
34,
32,
31,
27,
23,
17,
14,
12,
11,
11,
11,
9,
5,
3,
2,
1,
1,
1,
1,
2,
2,
2,
0,
0,
3,
21,
49,
78,
96,
112,
107,
80,
21,
-23,
-56,
-76,
-88,
-94,
-92,
-82,
-51,
-18,
0,
21,
43,
61,
76,
83,
86,
87,
94,
104,
113,
123,
123,
122,
122,
127,
143,
161,
167,
165,
165,
163,
151,
137,
127,
119,
115,
111,
104,
97,
95,
93,
90,
85,
77,
68,
63,
58,
53,
46,
41,
37,
30,
23,
19,
14,
10,
6,
3,
0,
0,
0,
0,
0,
2,
6,
7,
7,
7,
16,
35,
62,
77,
94,
98,
80,
32,
-12,
-54,
-79,
-89,
-91,
-90,
-84,
-61,
-33,
-2,
22,
40,
55,
69,
81,
82,
82,
86,
93,
99,
105,
107,
109,
107,
109,
121,
138,
146,
151,
153,
147,
141,
134,
128,
115,
96,
79,
76,
74,
72,
71,
69,
65,
59,
55,
48,
43,
38,
32,
27,
23,
20,
16,
14,
13,
12,
9,
6,
4,
2,
2,
2,
2,
2,
2,
2,
3,
5,
15,
35,
64,
79,
94,
100,
84,
41,
0,
-23,
-44,
-56,
-60,
-59,
-54,
-38,
-14,
0,
0,
12,
33,
54,
71,
67,
64,
65,
68,
69,
71,
75,
84,
89,
96,
97,
99,
100,
103,
106,
109,
108,
96,
82,
73,
72,
69,
68,
66,
59,
52,
44,
42,
42,
40,
39,
38,
35,
29,
19,
16,
14,
13,
12,
11,
9,
7,
3,
2,
2,
0,
0,
-1,
0,
2,
2,
6,
7,
7,
15,
46,
94,
147,
183,
208,
194,
144,
44,
-22,
-70,
-106,
-122,
-133,
-134,
-130,
-114,
-82,
-50,
-19,
11,
38,
56,
64,
66,
69,
74,
78,
88,
100,
106,
113,
122,
125,
126,
128,
131,
133,
136,
138,
139,
139,
140,
138,
137,
138,
139,
134,
129,
125,
120,
116,
110,
101,
97,
93,
87,
80,
67,
55,
48,
39,
30,
26,
28,
26,
15,
6,
2,
0,
-3,
-4,
-5,
-5,
-4,
-1,
4,
13,
32,
65,
84,
104,
110,
89,
52,
0,
-40,
-69,
-78,
-82,
-80,
-74,
-59,
-40,
-18,
0,
8,
22,
32,
36,
35,
35,
36,
38,
41,
41,
41,
43,
48,
55,
60,
64,
68,
73,
76,
77,
76,
76,
70,
63,
58,
57,
56,
55,
53,
52,
51,
50,
48,
47,
46,
43,
38,
34,
28,
21,
17,
15,
14,
9,
5,
3,
2,
3,
3,
2,
2,
2,
1,
0,
0,
2,
8,
22,
46,
78,
95,
111,
108,
82,
19,
-32,
-69,
-84,
-94,
-96,
-92,
-82,
-53,
-23,
0,
13,
30,
48,
62,
68,
72,
78,
90,
99,
108,
115,
118,
122,
128,
138,
151,
162,
171,
177,
178,
175,
163,
158,
156,
154,
149,
141,
123,
105,
96,
90,
92,
98,
103,
98,
92,
88,
82,
73,
61,
50,
44,
38,
30,
22,
17,
14,
10,
5,
1,
1,
1,
1,
1,
1,
1,
0,
4,
15,
32,
55,
67,
78,
82,
65,
25,
-11,
-35,
-52,
-64,
-74,
-82,
-81,
-70,
-46,
-27,
-10,
6,
21,
32,
39,
44,
47,
49,
51,
52,
59,
67,
70,
73,
75,
79,
84,
89,
92,
94,
90,
83,
84,
84,
85,
84,
79,
73,
70,
69,
68,
66,
64,
61,
58,
56,
53,
51,
48,
45,
40,
36,
32,
27,
21,
13,
6,
1,
1,
1,
1,
1,
1,
1,
1,
2,
1,
6,
16,
28,
50,
84,
105,
126,
129,
106,
54,
12,
-16,
-42,
-54,
-61,
-60,
-54,
-31,
-5,
8,
57,
79,
92,
97,
99,
98,
96,
98,
103,
109,
116,
129,
146,
163,
172,
179,
182,
182,
172,
166,
163,
159,
155,
148,
142,
139,
134,
129,
124,
121,
111,
103,
96,
90,
85,
79,
69,
53,
43,
37,
32,
28,
27,
26,
23,
20,
15,
6,
3,
1,
2,
2,
4,
4,
4,
2,
2,
5,
19,
43,
60,
74,
84,
75,
53,
7,
-28,
-51,
-61,
-66,
-64,
-57,
-38,
-14,
0,
12,
27,
39,
49,
58,
63,
65,
70,
79,
87,
94,
97,
98,
98,
100,
108,
116,
126,
131,
134,
134,
131,
126,
121,
114,
105,
100,
91,
84,
82,
80,
78,
76,
73,
75,
75,
71,
65,
61,
54,
44,
34,
25,
22,
23,
22,
15,
7,
2,
1,
1,
1,
1,
0,
0,
0,
-2,
-3,
0,
16,
50,
95,
121,
142,
140,
106,
34,
-24,
-72,
-108,
-121,
-125,
-123,
-113,
-77,
-40,
-16,
-5,
0,
4,
16,
23,
25,
24,
24,
26,
32,
38,
36,
33,
30,
30,
37,
39,
40,
41,
42,
40,
38,
38,
38,
36,
34,
32,
31,
30,
30,
29,
28,
28,
26,
25,
28,
27,
25,
23,
22,
20,
18,
15,
12,
14,
14,
9,
6,
4,
4,
4,
2,
2,
2,
2,
2,
2,
7,
27,
52,
82,
102,
124,
134,
111,
55,
-5,
-52,
-81,
-94,
-105,
-109,
-106,
-97,
-69,
-38,
-5,
27,
49,
62,
73,
79,
88,
95,
99,
102,
104,
110,
119,
119,
119,
123,
124,
125,
125,
126,
131,
132,
137,
136,
130,
120,
108,
105,
103,
97,
80,
74,
71,
69,
69,
68,
67,
64,
57,
46,
33,
27,
24,
22,
21,
20,
15,
12,
7,
4,
3,
4,
4,
5,
5,
4,
0,
-2,
-1,
6,
34,
71,
92,
110,
107,
78,
19,
-31,
-64,
-86,
-94,
-98,
-98,
-93,
-44,
-18,
0,
0,
4,
9,
10,
12,
16,
21,
27,
30,
32,
32,
30,
28,
25,
26,
29,
31,
31,
31,
31,
31,
31,
31,
31,
31,
31,
29,
29,
29,
29,
28,
28,
27,
24,
22,
21,
19,
18,
17,
16,
15,
15,
14,
15,
15,
14,
11,
7,
5,
2,
0,
0,
0,
0,
0,
0,
6,
20,
43,
60,
79,
93,
85,
58,
0,
-20,
-49,
-62,
-68,
-66,
-59,
-38,
-14,
17,
56,
90,
114,
130,
145,
159,
167,
175,
185,
193,
198,
201,
199,
209,
239,
269,
290,
310,
319,
327,
328,
316,
301,
280,
267,
251,
224,
204,
192,
172,
163,
158,
158,
156,
152,
151,
147,
136,
127,
115,
93,
72,
59,
52,
54,
53,
35,
22,
17,
21,
23,
22,
21,
20,
20,
27,
37,
45,
57,
88,
130,
168,
190,
202,
190,
150,
70,
12,
-24,
-44,
-53,
-59,
-58,
-50,
-38,
-17,
0,
0,
0,
0,
0,
1,
3,
2,
2,
2,
3,
5,
7,
8,
8,
9,
10,
12,
15,
17,
17,
17,
17,
17,
17,
16,
16,
16,
16,
16,
15,
14,
13,
13,
12,
12,
11,
9,
7,
6,
3,
2,
1,
1,
2,
3,
5,
6,
5,
5,
4,
4,
2,
1,
1,
0,
0,
0,
6,
28,
64,
108,
131,
152,
156,
128,
64,
0,
-40,
-82,
-97,
-107,
-112,
-106,
-87,
-56,
-33,
-11,
0,
1,
2,
13,
28,
44,
55,
67,
78,
85,
94,
100,
99,
98,
98,
103,
109,
111,
109,
107,
106,
106,
108,
109,
111,
110,
106,
96,
88,
83,
81,
79,
76,
71,
68,
67,
67,
61,
54,
47,
38,
33,
30,
25,
18,
13,
12,
12,
8,
3,
2,
2,
2,
2,
2,
2,
2,
6,
20,
42,
54,
66,
67,
54,
26,
0,
-20,
-37,
-44,
-48,
-48,
-43,
-26,
-1,
24,
48,
65,
72,
75,
81,
88,
95,
102,
108,
118,
128,
137,
144,
154,
164,
176,
192,
210,
221,
224,
225,
226,
224,
211,
192,
173,
154,
149,
149,
148,
146,
146,
143,
149,
156,
150,
142,
134,
122,
101,
86,
79,
76,
73,
64,
56,
41,
20,
5,
1,
4,
6,
6,
9,
9,
8,
7,
10,
25,
52,
86,
102,
117,
116,
96,
47,
2,
-30,
-45,
-55,
-58,
-53,
-42,
-10,
0,
25,
54,
75,
88,
90,
88,
89,
91,
95,
101,
105,
107,
107,
112,
118,
124,
128,
128,
126,
115,
110,
109,
107,
105,
98,
91,
84,
76,
66,
60,
57,
57,
56,
56,
53,
52,
51,
49,
46,
42,
38,
33,
27,
21,
16,
14,
16,
18,
11,
0,
-5,
-5,
-5,
-5,
-5,
-5,
-6,
-5,
-5,
4,
31,
73,
109,
132,
148,
138,
109,
50,
8,
-28,
-54,
-66,
-68,
-62,
-51,
-26,
0,
19,
40,
55,
59,
57,
52,
45,
41,
43,
45,
44,
42,
39,
36,
37,
42,
48,
52,
54,
56,
55,
51,
49,
49,
48,
43,
38,
36,
35,
34,
33,
32,
30,
27,
27,
30,
35,
35,
33,
30,
27,
22,
18,
16,
15,
13,
8,
3,
2,
2,
3,
3,
4,
4,
4,
4,
3,
5,
17,
38,
66,
82,
98,
104,
86,
41,
-16,
-56,
-84,
-95,
-100,
-100,
-95,
-76,
-53,
-29,
-6,
0,
12,
29,
41,
45,
49,
56,
65,
72,
76,
78,
81,
88,
97,
109,
119,
126,
132,
134,
134,
130,
121,
111,
101,
95,
91,
88,
82,
76,
70,
69,
74,
77,
78,
74,
70,
66,
60,
49,
40,
30,
25,
25,
23,
23,
20,
14,
9,
6,
2,
1,
1,
1,
1,
1,
1,
1,
8,
32,
73,
91,
112,
120,
102,
65,
5,
-32,
-64,
-85,
-95,
-99,
-98,
-88,
-59,
-34,
-13,
5,
22,
31,
37,
38,
42,
47,
52,
54,
54,
54,
61,
70,
70,
68,
67,
69,
73,
73,
73,
73,
72,
68,
65,
64,
61,
53,
44,
43,
43,
39,
37,
38,
38,
36,
35,
33,
33,
32,
28,
22,
21,
22,
26,
25,
28,
33,
25,
8,
0,
0,
0,
0,
0,
10,
17,
17,
23,
81,
154,
230,
269,
296,
278,
227,
82,
-50,
-105,
-142,
-172,
-186,
-173,
-152,
-150,
-138,
-96,
-55,
-14,
-1,
0,
0,
10,
23,
23,
25,
27,
35,
40,
43,
44,
43,
47,
53,
55,
56,
56,
56,
56,
56,
56,
56,
54,
49,
43,
38,
36,
36,
37,
37,
40,
42,
40,
38,
37,
34,
31,
27,
25,
23,
21,
21,
23,
22,
18,
16,
16,
13,
9,
6,
3,
1,
0,
0,
1,
8,
30,
71,
119,
148,
166,
154,
116,
42,
-14,
-57,
-75,
-83,
-85,
-80,
-73,
-54,
-30,
-3,
20,
40,
47,
49,
46,
42,
40,
43,
54,
64,
71,
71,
71,
73,
75,
80,
88,
90,
92,
93,
94,
94,
94,
93,
92,
86,
76,
70,
66,
65,
60,
56,
52,
51,
50,
49,
48,
46,
41,
37,
32,
27,
21,
15,
10,
5,
3,
2,
4,
4,
4,
4,
3,
3,
0,
-3,
-3,
3,
26,
57,
77,
96,
105,
91,
64,
16,
-16,
-42,
-53,
-59,
-58,
-52,
-33,
-10,
3,
22,
36,
45,
46,
43,
40,
38,
40,
46,
52,
57,
67,
80,
89,
92,
95,
98,
102,
110,
117,
117,
112,
108,
105,
105,
104,
97,
90,
86,
84,
83,
85,
84,
85,
82,
79,
74,
70,
63,
51,
43,
36,
29,
21,
13,
8,
3,
0,
0,
-2,
-2,
-3,
-3,
-4,
-12,
-18,
-23,
-21,
-11,
15,
45,
62
