33,
67,
79,
90,
85,
57,
37,
43,
49,
25,
-16,
-49,
-77,
-123,
-155,
-148,
-128,
-130,
-152,
-167,
-168,
-156,
-145,
-134,
-116,
-83,
-52,
-38,
-25,
-6,
5,
24,
55,
80,
101,
106,
115,
125,
121,
108,
101,
93,
91,
78,
49,
19,
9,
-8,
-31,
-56,
-65,
-83,
-105,
-120,
-126,
-132,
-136,
-153,
-202,
-261,
-308,
-307,
-228,
-29,
262,
579,
774,
783,
645,
360,
14,
-250,
-403,
-463,
-462,
-417,
-350,
-287,
-241,
-216,
-185,
-147,
-121,
-121,
-116,
-98,
-76,
-26,
22,
52,
75,
105,
136,
167,
185,
195,
204,
210,
210,
205,
208,
210,
221,
247,
276,
297,
315,
322,
306,
280,
261,
250,
220,
185,
154,
118,
71,
25,
-16,
-55,
-91,
-127,
-138,
-139,
-139,
-130,
-109,
-75,
-44,
-18,
4,
34,
64,
88,
111,
134,
165,
198,
212,
212,
212,
212,
212,
212,
212,
212,
212,
212,
212,
212,
212,
213,
212,
212,
213,
212,
212,
212,
212,
212,
212,
212,
212,
213,
212,
212,
212,
213,
212,
212,
212,
212,
210,
90,
-36,
-118,
-125,
-92,
-54,
-18,
-7,
-2,
13,
13,
0,
9,
34,
52,
46,
30,
23,
23,
15,
20,
27,
33,
24,
15,
26,
45,
60,
84,
90,
88,
83,
85,
92,
117,
145,
151,
154,
148,
136,
116,
92,
64,
48,
19,
-21,
-52,
-71,
-78,
-96,
-99,
-88,
-85,
-93,
-107,
-101,
-84,
-63,
-33,
-16,
-19,
-1,
29,
36,
29,
35,
45,
63,
97,
97,
76,
65,
43,
34,
26,
14,
2,
-10,
-29,
-32,
-29,
-44,
-60,
-63,
-60,
-58,
-58,
-58,
-75,
-112,
-155,
-197,
-243,
-269,
-202,
-16,
279,
606,
831,
849,
701,
404,
29,
-260,
-416,
-477,
-479,
-438,
-379,
-334,
-292,
-236,
-181,
-130,
-90,
-56,
-27,
-9,
15,
48,
87,
129,
167,
201,
223,
234,
228,
240,
267,
311,
333,
308,
271,
238,
200,
160,
123,
95,
59,
26,
15,
18,
15,
7,
11,
14,
-13,
-55,
-101,
-151,
-189,
-225,
-240,
-258,
-269,
-273,
-257,
-246,
-229,
-195,
-156,
-125,
-93,
-48,
13,
94,
199,
307,
414,
509,
589,
645,
683,
703,
702,
685,
644,
605,
566,
507,
434,
341,
266,
220,
192,
163,
117,
69,
43,
29,
9,
-17,
-40,
-71,
-128,
-195,
-233,
-179,
-3,
254,
569,
836,
923,
805,
505,
75,
-293,
-538,
-658,
-667,
-610,
-532,
-506,
-492,
-455,
-442,
-434,
-420,
-398,
-368,
-341,
-342,
-340,
-316,
-288,
-289,
-283,
-255,
-253,
-246,
-241,
-243,
-250,
-262,
-257,
-228,
-201,
-174,
-146,
-132,
-127,
-118,
-86,
-61,
-54,
-79,
-110,
-124,
-125,
-132,
-155,
-190,
-204,
-200,
-199,
-209,
-220,
-233,
-234,
-233,
-238,
-242,
-221,
-172,
-133,
-108,
-97,
-102,
-94,
-63,
-22,
11,
28,
51,
58,
59,
72,
92,
95,
89,
82,
67,
43,
26,
-3,
-20,
-37,
-43,
-41,
-41,
-41,
-44,
-48,
-46,
-61,
-92,
-134,
-192,
-257,
-311,
-289,
-137,
135,
476,
754,
850,
775,
532,
155,
-188,
-394,
-496,
-535,
-514,
-461,
-390,
-320,
-256,
-202,
-155,
-99,
-45,
-8,
21,
47,
66,
70,
84,
106,
121,
125,
129,
131,
153,
179,
193,
193,
175,
169,
180,
188,
199,
226,
248,
262,
288,
293,
277,
256,
215,
182,
139,
84,
31,
-22,
-65,
-92,
-122,
-150,
-160,
-170,
-181,
-207,
-220,
-213,
-184,
-151,
-123,
-99,
-65,
-38,
-12,
26,
73,
115,
141,
167,
183,
187,
199,
216,
207,
179,
166,
166,
150,
92,
69,
79,
73,
36,
30,
13,
-8,
-15,
13,
-4,
-48,
-78,
-80,
-85,
-144,
-184,
-162,
-42,
225,
593,
866,
963,
908,
661,
280,
-72,
-300,
-401,
-421,
-416,
-390,
-333,
-280,
-262,
-253,
-253,
-235,
-213,
-193,
-190,
-198,
-201,
-185,
-175,
-173,
-164,
-140,
-124,
-137,
-135,
-101,
-80,
-76,
-68,
-56,
-30,
11,
31,
35,
35,
32,
28,
12,
11,
16,
2,
-22,
-41,
-45,
-64,
-103,
-145,
-163,
-158,
-161,
-163,
-155,
-136,
-123,
-100,
-74,
-48,
-25,
-18,
-12,
-7,
-2,
9,
31,
42,
68,
99,
127,
148,
143,
133,
125,
120,
108,
91,
60,
33,
12,
-2,
-7,
-9,
-14,
-17,
-12,
-8,
-15,
-46,
-64,
-76,
-88,
-123,
-180,
-239,
-281,
-245,
-96,
161,
485,
764,
865,
786,
550,
189,
-137,
-342,
-436,
-450,
-404,
-329,
-255,
-194,
-148,
-102,
-68,
-49,
-33,
-12,
20,
51,
80,
101,
105,
103,
89,
62,
35,
23,
16,
4,
-7,
-12,
7,
46,
71,
65,
65,
77,
93,
111,
120,
122,
127,
132,
139,
140,
125,
90,
59,
25,
-17,
-65,
-101,
-127,
-135,
-142,
-148,
-148,
-149,
-146,
-144,
-148,
-131,
-107,
-76,
-28,
44,
116,
168,
233,
307,
365,
385,
395,
396,
412,
437,
444,
433,
392,
350,
331,
306,
266,
231,
201,
158,
107,
53,
11,
14,
52,
102,
109,
57,
-17,
-88,
-144,
-137,
-27,
195,
490,
757,
909,
883,
677,
300,
-110,
-406,
-570,
-606,
-586,
-555,
-519,
-482,
-447,
-437,
-420,
-398,
-379,
-357,
-329,
-300,
-275,
-267,
-280,
-280,
-274,
-262,
-247,
-233,
-213,
-202,
-191,
-184,
-187,
-182,
-173,
-157,
-130,
-103,
-84,
-82,
-71,
-61,
-69,
-81,
-87,
-83,
-82,
-94,
-105,
-136,
-163,
-170,
-172,
-175,
-175,
-184,
-194,
-195,
-197,
-190,
-170,
-152,
-128,
-111,
-90,
-74,
-59,
-40,
-25,
-1,
37,
67,
79,
93,
84,
67,
71,
77,
76,
60,
33,
-17,
-56,
-76,
-72,
-69,
-80,
-90,
-87,
-82,
-74,
-70,
-67,
-76,
-107,
-153,
-196,
-247,
-286,
-256,
-113,
145,
470,
747,
866,
797,
551,
163,
-215,
-462,
-585,
-613,
-576,
-504,
-416,
-325,
-233,
-152,
-90,
-71,
-57,
-24,
21,
87,
146,
168,
162,
165,
197,
238,
291,
341,
378,
419,
447,
451,
445,
417,
389,
363,
325,
285,
266,
254,
244,
229,
204,
178,
137,
93,
58,
15,
-17,
-55,
-100,
-152,
-199,
-232,
-250,
-253,
-252,
-242,
-216,
-177,
-119,
-54,
16,
61,
101,
128,
177,
251,
312,
346,
400,
455,
444,
407,
393,
381,
363,
356,
330,
288,
243,
181,
139,
118,
103,
50,
-18,
-44,
-51,
-65,
-89,
-92,
-90,
-127,
-188,
-247,
-299,
-318,
-305,
-187,
52,
352,
606,
687,
618,
393,
60,
-242,
-448,
-567,
-582,
-537,
-481,
-423,
-379,
-370,
-361,
-336,
-311,
-297,
-292,
-268,
-242,
-240,
-240,
-250,
-235,
-206,
-192,
-183,
-170,
-170,
-161,
-164,
-168,
-160,
-150,
-115,
-64,
-28,
5,
47,
65,
40,
2,
-15,
-13,
-18,
-32,
-48,
-55,
-67,
-86,
-112,
-129,
-140,
-163,
-181,
-177,
-166,
-157,
-136,
-119,
-103,
-101,
-88,
-46,
-22,
-21,
-4,
23,
45,
67,
86,
99,
116,
135,
145,
134,
130,
106,
69,
39,
38,
42,
23,
-5,
-39,
-70,
-98,
-109,
-122,
-149,
-167,
-179,
-188,
-196,
-221,
-273,
-334,
-373,
-344,
-201,
47,
358,
625,
755,
715,
520,
174,
-156,
-355,
-445,
-459,
-430,
-390,
-347,
-294,
-246,
-213,
-182,
-153,
-122,
-92,
-78,
-66,
-34,
-8,
18,
36,
44,
59,
90,
130,
207,
321,
414,
448,
445,
438,
462,
478,
469,
468,
480,
483,
480,
463,
432,
401,
376,
335,
274,
199,
120,
48,
7,
-14,
-53,
-79,
-97,
-91,
-63,
-39,
-27,
0,
51,
111,
159,
211,
271,
308,
331,
386,
428,
445,
462,
490,
506,
493,
484,
457,
419,
361,
296,
258,
202,
161,
129,
104,
76,
54,
30,
-15,
-44,
-33,
-22,
-25,
-42,
-68,
-110,
-168,
-240,
-319,
-343,
-233,
33,
384,
668,
781,
706,
446,
61,
-298,
-502,
-591,
-616,
-602,
-546,
-466,
-416,
-402,
-388,
-363,
-332,
-314,
-320,
-328,
-337,
-349,
-352,
-325,
-327,
-327,
-308,
-279,
-257,
-242,
-220,
-208,
-193,
-183,
-172,
-159,
-152,
-129,
-101,
-81,
-61,
-46,
-49,
-58,
-59,
-68,
-68,
-79,
-98,
-111,
-116,
-152,
-210,
-242,
-242,
-226,
-214,
-209,
-209,
-198,
-170,
-130,
-77,
-46,
-37,
-13,
-9,
-12,
4,
21,
45,
62,
77,
94,
105,
97,
82,
77,
68,
77,
90,
87,
70,
61,
64,
56,
47,
36,
14,
-5,
-14,
-24,
-29,
-31,
-43,
-66,
-97,
-144,
-209,
-275,
-291,
-201,
-11,
257,
514,
624,
545,
304,
-80,
-448,
-655,
-687,
-576,
-338,
-71,
161,
321,
401,
452,
515,
557,
558,
538,
513,
476,
426,
383,
365,
379,
368,
309,
223,
153,
105,
73,
40,
19,
15,
20,
23,
29,
54,
92,
113,
110,
82,
57,
27,
-4,
-36,
-72,
-125,
-158,
-167,
-194,
-225,
-255,
-260,
-240,
-218,
-195,
-137,
-37,
71,
152,
216,
261,
303,
343,
366,
381,
416,
427,
436,
429,
401,
387,
354,
300,
290,
261,
215,
163,
107,
61,
25,
-8,
-33,
-58,
-105,
-149,
-164,
-172,
-172,
-179,
-198,
-220,
-256,
-309,
-325,
-386,
-491,
-536,
-419,
-201,
99,
390,
554,
533,
348,
42,
-262,
-476,
-580,
-602,
-570,
-553,
-534,
-481,
-435,
-399,
-358,
-330,
-314,
-335,
-342,
-331,
-328,
-331,
-322,
-308,
-288,
-274,
-239,
-193,
-173,
-180,
-161,
-126,
-104,
-81,
-43,
-5,
3,
13,
44,
77,
82,
85,
74,
79,
97,
72,
11,
-39,
-59,
-89,
-127,
-146,
-158,
-163,
-151,
-155,
-156,
-151,
-129,
-99,
-94,
-65,
-14,
12,
32,
71,
119,
144,
153,
158,
175,
211,
221,
196,
184,
178,
172,
146,
115,
76,
37,
-2,
-38,
-80,
-108,
-125,
-142,
-152,
-163,
-179,
-191,
-196,
-202,
-215,
-246,
-289,
-337,
-376,
-358,
-230,
17,
338,
641,
801,
802,
651,
359,
56,
-157,
-273,
-306,
-283,
-228,
-165,
-112,
-73,
-45,
-27,
-18,
-11,
-8,
7,
26,
40,
55,
61,
68,
64,
69,
91,
111,
139,
176,
201,
212,
219,
225,
239,
244,
234,
234,
252,
275,
275,
247,
197,
139,
110,
92,
70,
42,
15,
-14,
-35,
-53,
-59,
-53,
-49,
-30,
-13,
11,
68,
137,
192,
234,
277,
307,
301,
294,
347,
377,
377,
355,
349,
353,
349,
324,
293,
257,
217,
178,
154,
120,
85,
42,
6,
-30,
-39,
-43,
-58,
-87,
-118,
-129,
-145,
-166,
-193,
-228,
-253,
-296,
-354,
-410,
-392,
-235,
53,
394,
683,
827,
791,
556,
197,
-138,
-345,
-462,
-497,
-463,
-436,
-414,
-386,
-380,
-364,
-342,
-330,
-329,
-316,
-291,
-282,
-270,
-268,
-286,
-288,
-247,
-197,
-187,
-190,
-172,
-156,
-142,
-138,
-123,
-88,
-51,
-30,
-21,
-6,
18,
51,
85,
93,
81,
46,
18,
3,
0,
-14,
-66,
-125,
-159,
-161,
-155,
-155,
-157,
-148,
-135,
-112,
-102,
-89,
-45,
4,
41,
54,
65,
81,
116,
130,
129,
124,
126,
150,
173,
178,
160,
154,
145,
123,
105,
91,
61,
25,
-9,
-59,
-110,
-115,
-109,
-121,
-126,
-142,
-170,
-155,
-150,
-177,
-219,
-262,
-317,
-386,
-420,
-346,
-140,
177,
533,
787,
872,
773,
490,
125,
-141,
-258,
-260,
-195,
-108,
-31,
25,
66,
111,
167,
223,
257,
266,
241,
191,
129,
82,
54,
8,
-30,
-51,
-53,
-51,
-41,
-50,
-65,
-70,
-59,
-35,
-11,
2,
3,
-2,
2,
10,
14,
33,
53,
54,
40,
41,
57,
77,
107,
159,
229,
312,
384,
440,
500,
564,
623,
648,
648,
652,
661,
657,
637,
600,
569,
534,
495,
456,
413,
362,
326,
309,
290,
260,
234,
198,
145,
81,
20,
-47,
-94,
-124,
-163,
-216,
-244,
-265,
-300,
-329,
-390,
-432,
-457,
-465,
-462,
-488,
-527,
-542,
-543,
-597,
-571,
-471,
-221,
145,
463,
625,
595,
385,
28,
-337,
-571,
-687,
-721,
-701,
-665,
-628,
-587,
-549,
-541,
-533,
-513,
-488,
-459,
-437,
-429,
-426,
-410,
-388,
-374,
-347,
-318,
-296,
-278,
-275,
-268,
-239,
-195,
-164,
-134,
-99,
-72,
-56,
-42,
-9,
27,
52,
64,
64,
57,
42,
33,
14,
-13,
-25,
-53,
-69,
-84,
-103,
-109,
-107,
-104,
-99,
-75,
-40,
-27,
1,
78,
139,
174,
202,
233,
257,
291,
309,
329,
358,
369,
361,
336,
299,
252,
194,
131,
61,
-3,
-58,
-106,
-157,
-206,
-246,
-280,
-315,
-358,
-415,
-470,
-520,
-570,
-611,
-647,
-707,
-766,
-810,
-835,
-744,
-494,
-122,
291,
608,
772,
811,
682,
422,
215,
113,
92,
124,
179,
238,
272,
287,
287,
274,
249,
210,
169,
132,
97,
81,
81,
76,
79,
86,
78,
65,
54,
66,
71,
66,
66,
64,
64,
66,
79,
86,
78,
84,
95,
97,
87,
77,
71,
62,
44,
11,
-14,
-43,
-68,
-80,
-87,
-114,
-147,
-136,
-136,
-105,
-44,
-13,
10,
56,
117,
145,
172,
194,
198,
199,
232,
264,
266,
269,
277,
293,
298,
298,
287,
265,
229,
193,
154,
117,
85,
54,
44,
31,
-2,
-45,
-75,
-78,
-95,
-109,
-125,
-143,
-171,
-217,
-260,
-309,
-342,
-312,
-173,
82,
424,
720,
873,
868,
726,
277,
-79,
-322,
-429,
-453,
-442,
-414,
-375,
-345,
-341,
-343,
-323,
-304,
-309,
-304,
-289,
-260,
-235,
-220,
-198,
-185,
-191,
-192,
-132,
-124,
-121,
-113,
-94,
-51,
2,
37,
54,
77,
103,
122,
132,
140,
139,
131,
112,
94,
65,
39,
15,
13,
-1,
-23,
-45,
-78,
-119,
-140,
-133,
-115,
-112,
-102,
-68,
-35,
-3,
29,
68,
86,
104,
128,
159,
184,
204,
210,
215,
220,
206,
179,
162,
139,
108,
76,
40,
7,
-34,
-69,
-93,
-113,
-124,
-136,
-136,
-140,
-148,
-148,
-155,
-161,
-172,
-188,
-228,
-282,
-338,
-365,
-304,
-123,
171,
546,
857,
976,
904,
660,
287,
-43,
-237,
-315,
-316,
-284,
-236,
-201,
-175,
-141,
-87,
-16,
35,
58,
59,
52,
40,
21,
-6,
-32,
-34,
-27,
-19,
-14,
-20,
-21,
-28,
-42,
-53,
-52,
-43,
-30,
-8,
14,
24,
45,
63,
62,
56,
63,
78,
123,
166,
208,
248,
312,
379,
433,
483,
524,
553,
583,
615,
626,
622,
606,
570,
541,
523,
497,
445,
388,
353,
328,
290,
260,
251,
251,
240,
212,
181,
151,
125,
88,
55,
45,
25,
-25,
-99,
-162,
-204,
-235,
-252,
-274,
-304,
-351,
-366,
-354,
-350,
-355,
-369,
-406,
-460,
-492,
-509,
-469,
-323,
-47,
292,
566,
699,
652,
414,
26,
-328,
-545,
-643,
-654,
-619,
-580,
-534,
-503,
-490,
-473,
-452,
-435,
-412,
-402,
-388,
-364,
-353,
-333,
-299,
-278,
-275,
-259,
-235,
-200,
-167,
-156,
-149,
-137,
-126,
-108,
-102,
-51,
-20,
-7,
-9,
-2,
10,
13,
18,
2,
-11,
-31,
-61,
-97,
-121,
-126,
-129,
-131,
-129,
-142,
-148,
-123,
-107,
-96,
-73,
-45,
-20,
3,
23,
63,
110,
162,
210,
223,
238,
250,
248,
235,
212,
176,
128,
86,
44,
19,
-11,
-55,
-86,
-103,
-124,
-158,
-192,
-224,
-242,
-259,
-272,
-288,
-292,
-298,
-316,
-330,
-356,
-375,
-374,
-320,
-180,
69,
406,
717,
890,
923,
785,
487,
184,
3,
-64,
-62,
-29,
20,
63,
103,
128,
148,
146,
135,
116,
99,
77,
49,
19,
14,
24,
37,
35,
33,
21,
20,
22,
18,
5,
5,
5,
9,
18,
13,
15,
31,
44,
43,
37,
31,
23,
5,
16,
27,
16,
5,
16,
30,
17,
31,
46,
29,
-2,
15,
57,
82,
119,
157,
179,
197,
213,
222,
215,
206,
206,
232,
253,
240,
227,
237,
208,
167,
156,
155,
162,
144,
103,
59,
10,
-41,
-96,
-151,
-165,
-166,
-192,
-225,
-249,
-264,
-270,
-269,
-247,
-270,
-314,
-403,
-442,
-408,
-309,
-58,
275,
585,
744,
755,
470,
209,
-139,
-358,
-471,
-499,
-493,
-483,
-454,
-423,
-409,
-412,
-370,
-319,
-296,
-290,
-276,
-252,
-240,
-224,
-212,
-195,
-177,
-152,
-128,
-89,
-48,
-21,
-21,
-27,
-20,
5,
35,
69,
110,
143,
149,
155,
159,
154,
135,
121,
94,
80,
69,
55,
29,
2,
-8,
-15,
-36,
-56,
-60,
-79,
-80,
-53,
-16,
22,
58,
93,
122,
155,
171,
188,
185,
190,
206,
226,
237,
226,
204,
164,
128,
101,
78,
35,
-7,
-43,
-87,
-131,
-161,
-188,
-212,
-230,
-249,
-270,
-281,
-282,
-286,
-290,
-277,
-248,
-214,
-196,
-198,
-208,
-164,
-14,
249,
606,
940,
1118,
1121,
961,
628,
262,
-2,
-144,
-212,
-233,
-196,
-110,
-52,
-36,
-55,
-87,
-129,
-159,
-174,
-184,
-187,
-198,
-211,
-195,
-154,
-102,
-49,
3,
33,
55,
56,
56,
39,
25,
18,
7,
1,
12,
34,
41,
47,
52,
60,
61,
61,
62,
87,
120,
161,
180,
191,
226,
282,
339,
372,
404,
451,
461,
462,
462,
479,
494,
485,
478,
480,
469,
450,
417,
375,
327,
306,
290,
244,
217,
186,
149,
116,
114,
108,
60,
6,
-48,
-88,
-134,
-173,
-209,
-229,
-248,
-305,
-340,
-346,
-357,
-363,
-367,
-388,
-415,
-430,
-458,
-492,
-490,
-354,
-83,
275,
598,
750,
695,
459,
69,
-320,
-563,
-661,
-682,
-675,
-629,
-576,
-539,
-520,
-497,
-471,
-465,
-461,
-451,
-428,
-387,
-361,
-358,
-340,
-310,
-293,
-267,
-244,
-219,
-192,
-182,
-164,
-123,
-86,
-68,
-42,
-20,
-3,
14,
44,
68,
74,
78,
85,
89,
71,
41,
29,
26,
6,
-10,
-37,
-43,
-44,
-50,
-62,
-63,
-52,
-34,
1,
42,
76,
112,
145,
151,
160,
180,
204,
239,
267,
284,
294,
297,
282,
266,
255,
232,
209,
176,
129,
83,
40,
0,
-29,
-70,
-88,
-113,
-159,
-215,
-264,
-301,
-330,
-348,
-353,
-364,
-384,
-389,
-410,
-416,
-324,
-89,
235,
600,
895,
1026,
962,
710,
321,
-13,
-202,
-278,
-288,
-259,
-153,
-16,
68,
79,
36,
-20,
-68,
-103,
-124,
-145,
-171,
-189,
-189,
-164,
-133,
-86,
-28,
11,
42,
74,
101,
116,
111,
94,
81,
52,
37,
60,
82,
93,
120,
166,
183,
194,
216,
240,
257,
263,
276,
291,
294,
281,
285,
284,
269,
268,
260,
229,
220,
218,
198,
195,
220,
250,
260,
268,
255,
238,
216,
191,
184,
171,
170,
167,
155,
134,
89,
31,
-5,
-40,
-90,
-145,
-195,
-217,
-231,
-282,
-317,
-336,
-344,
-362,
-354,
-330,
-335,
-362,
-380,
-427,
-489,
-511,
-472,
-346,
-123,
190,
488,
626,
604,
429,
104,
-228,
-444,
-533,
-548,
-530,
-490,
-454,
-426,
-381,
-333,
-308,
-304,
-298,
-289,
-278,
-262,
-233,
-206,
-168,
-140,
-117,
-111,
-108,
-75,
-57,
-31,
-17,
-7,
7,
37,
67,
94,
116,
120,
124,
136,
151,
150,
143,
130,
129,
118,
87,
51,
17,
-17,
-56,
-86,
-103,
-106,
-93,
-79,
-68,
-57,
-21,
31,
87,
127,
153,
165,
168,
175,
173,
164,
157,
145,
129,
111,
88,
55,
37,
26,
6,
-27,
-55,
-73,
-116,
-170,
-203,
-227,
-236,
-242,
-251,
-256,
-241,
-207,
-164,
-110,
-49,
-18,
-12,
-39,
-67,
-63,
17,
206,
491,
820,
1071,
1128,
1008,
742,
357,
8,
-222,
-330,
-353,
-305,
-244,
-197,
-173,
-170,
-170,
-169,
-179,
-178,
-172,
-161,
-138,
-108,
-81,
-55,
-35,
-21,
-17,
-9,
5,
6,
-2,
-18,
-31,
-36,
-34,
-34,
-20,
4,
22,
41,
53,
59,
64,
79,
93,
91,
99,
116,
138,
159,
197,
205,
217,
222,
226,
216,
221,
240,
251,
250,
277,
319,
357,
347,
341,
355,
363,
351,
316,
289,
297,
327,
334,
286,
257,
252,
213,
168,
149,
125,
77,
21,
-35,
-96,
-162,
-208,
-224,
-215,
-218,
-240,
-248,
-259,
-284,
-309,
-354,
-397,
-438,
-465,
-424,
-273,
-6,
359,
659,
775,
683,
442,
70,
-273,
-490,
-593,
-625,
-620,
-591,
-550,
-509,
-476,
-466,
-449,
-432,
-428,
-428,
-366,
-339,
-307,
-293,
-279,
-259,
-235,
-218,
-202,
-176,
-162,
-142,
-117,
-86,
-60,
-37,
-10,
12,
33,
62,
82,
99,
116,
127,
117,
89,
81,
76,
60,
27,
-2,
-30,
-43,
-53,
-53,
-64,
-78,
-75,
-80,
-71,
-57,
-35,
-8,
8,
26,
41,
60,
79,
101,
123,
133,
150,
168,
180,
179,
164,
150,
128,
106,
94,
82,
54,
15,
-38,
-82,
-124,
-158,
-195,
-247,
-303,
-360,
-413,
-467,
-518,
-556,
-559,
-531,
-481,
-417,
-266,
-48,
242,
600,
990,
1356,
1578,
1616,
1462,
1111,
685,
372,
193,
102,
44,
25,
40,
59,
43,
-4,
-62,
-116,
-147,
-172,
-191,
-208,
-221,
-213,
-186,
-153,
-132,
-120,
-112,
-96,
-87,
-90,
-101,
-109,
-112,
-105,
-91,
-64,
-33,
-18,
8,
38,
64,
92,
116,
140,
173,
211,
242,
281,
306,
315,
305,
302,
299,
278,
221,
182,
189,
195,
179,
165,
162,
173,
168,
176,
171,
168,
182,
177,
141,
109,
119,
120,
101,
84,
67,
54,
64,
40,
-13,
-74,
-144,
-207,
-242,
-252,
-281,
-303,
-326,
-361,
-395,
-415,
-394,
-362,
-349,
-355,
-378,
-407,
-452,
-493,
-450,
-271,
7,
311,
533,
595,
506,
250,
-102,
-379,
-525,
-587,
-584,
-545,
-499,
-474,
-444,
-411,
-376,
-345,
-329,
-326,
-310,
-286,
-260,
-225,
-213,
-191,
-180,
-171,
-152,
-135,
-115,
-96,
-71,
-40,
-13,
15,
38,
58,
68,
82,
115,
141,
154,
147,
142,
153,
141,
109,
84,
61,
33,
15,
13,
3,
-15,
-22,
-35,
-55,
-63,
-47,
-25,
-7,
-2,
9,
28,
42,
37,
32,
42,
62,
96,
131,
148,
156,
161,
159,
140,
121,
103,
78,
30,
-14,
-56,
-97,
-132,
-170,
-208,
-232,
-252,
-265,
-272,
-275,
-271,
-255,
-235,
-213,
-191,
-178,
-175,
-186,
-186,
-98,
122,
459,
823,
1050,
1078,
936,
630,
274,
3,
-159,
-232,
-206,
-105,
-25,
-4,
-34,
-73,
-109,
-142,
-169,
-193,
-222,
-247,
-251,
-222,
-161,
-104,
-53,
0,
54,
93,
130,
157,
170,
171,
174,
176,
162,
140,
123,
115,
126,
143,
168,
205,
242,
274,
299,
322,
355,
377,
385,
388,
379,
375,
364,
359,
341,
302,
272,
264,
267,
274,
293,
288,
313,
329,
311,
305,
304,
293,
292,
273,
236,
215,
222,
211,
173,
131,
107,
94,
84,
49,
-10,
-52,
-116,
-171,
-198,
-227,
-246,
-284,
-304,
-302,
-286,
-275,
-290,
-333,
-394,
-436,
-462,
-451,
-331,
-97,
220,
546,
726,
728,
562,
240,
-134,
-410,
-552,
-593,
-583,
-552,
-511,
-487,
-472,
-438,
-419,
-430,
-427,
-392,
-366,
-343,
-320,
-303,
-295,
-272,
-236,
-213,
-205,
-188,
-162,
-142,
-120,
-98,
-89,
-56,
-23,
-5,
16,
45,
70,
68,
68,
87,
105,
90,
79,
55,
26,
0,
-27,
-50,
-79,
-101,
-116,
-119,
-121,
-130,
-136,
-127,
-122,
-110,
-97,
-79,
-43,
-4,
19,
38,
51,
57,
93,
140,
168,
166,
172,
181,
165,
139,
113,
85,
50,
19,
-17,
-42,
-73,
-115,
-154,
-201,
-260,
-312,
-342,
-353,
-363,
-382,
-408,
-432,
-466,
-507,
-539,
-553,
-529,
-372,
-20,
448,
970,
1418,
1656,
1666,
1450,
1043,
626,
334,
174,
105,
114,
168,
191,
157,
82,
2,
-88,
-153,
-209,
-270,
-316,
-352,
-354,
-330,
-290,
-259,
-237,
-218,
-214,
-215,
-217,
-210,
-189,
-170,
-166,
-170,
-171,
-161,
-149,
-137,
-99,
-49,
-10,
18,
61,
130,
227,
315,
405,
503,
598,
676,
735,
773,
800,
805,
800,
777,
720,
665,
622,
566,
521,
480,
432,
386,
348,
314,
300,
289,
260,
215,
168,
164,
65,
12,
-22,
-72,
-141,
-211,
-242,
-248,
-273,
-296,
-343,
-399,
-432,
-443,
-421,
-399,
-417,
-438,
-432,
-412,
-406,
-457,
-511,
-553,
-578,
-535,
-507,
-507,
75,
434,
589,
559,
475,
475,
475,
475,
-652,
-688,
-674,
-621,
-578,
-559,
-533,
-490,
-489,
-490,
-397,
-374,
-347,
-333,
-329,
-310,
-283,
-254,
-244,
-232,
-194,
-136,
-115,
-116,
-112,
-101,
-86,
-55,
-5,
40,
63,
67,
55,
54,
58,
56,
63,
61,
62,
73,
66,
43,
-1,
-51,
-72,
-94,
-111,
-108,
-83,
-72,
-70,
-69,
-61,
-28,
15,
59,
99,
115,
115,
111,
126,
145,
156,
170,
183,
180,
169,
148,
125,
104,
73,
39,
1,
-60,
-116,
-155,
-167,
-184,
-206,
-227,
-255,
-272,
-289,
-311,
-330,
-325,
-307,
-322,
-355,
-373,
-386,
-371,
-250,
-6,
338,
697,
931,
970,
839,
556,
223,
-26,
-177,
-239,
-237,
-194,
-145,
-109,
-81,
-55,
-30,
-15,
-14,
-12,
2,
20,
32,
46,
56,
66,
87,
106,
126,
139,
142,
139,
148,
160,
177,
197,
204,
212,
215,
214,
204,
186,
170,
147,
133,
105,
86,
72,
48,
35,
26,
9,
-13,
-23,
-32,
-58,
-63,
-41,
3,
42,
54,
69,
110,
145,
170,
175,
201,
229,
264,
314,
361,
372,
365,
350,
334,
313,
294,
274,
240,
197,
154,
102,
83,
69,
51,
26,
-27,
-46,
-63,
-103,
-106,
-127,
-162,
-190,
-218,
-228,
-237,
-261,
-305,
-335,
-301,
-145,
126,
447,
691,
763,
683,
459,
111,
-233,
-454,
-555,
-595,
-558,
-490,
-440,
-403,
-370,
-349,
-346,
-343,
-343,
-336,
-318,
-285,
-270,
-279,
-278,
-234,
-193,
-182,
-171,
-152,
-130,
-120,
-93,
-69,
-47,
-16,
14,
38,
64,
92,
103,
118,
124,
117,
122,
120,
97,
72,
61,
65,
55,
29,
11,
-4,
-28,
-34,
-41,
-50,
-62,
-62,
-31,
9,
38,
50,
52,
49,
69,
94,
122,
153,
174,
181,
189,
200,
205,
203,
186,
163,
129,
95,
58,
13,
-22,
-55,
-79,
-105,
-130,
-150,
-164,
-182,
-206,
-234,
-266,
-293,
-324,
-363,
-425,
-489,
-544,
-551,
-472,
-251,
93,
487,
804,
936,
877,
624,
254,
27,
-29,
-4,
29,
45,
67,
101,
143,
184,
199,
170,
110,
36,
-33,
-93,
-150,
-209,
-265,
-309,
-338,
-346,
-332,
-305,
-271,
-240,
-211,
-193,
-172,
-153,
-152,
-157,
-143,
-98,
-55,
-32,
-29,
-47,
-74,
-81,
-62,
-36,
-4,
39,
90,
162,
261,
368,
477,
577,
669,
735,
780,
822,
848,
825,
798,
781,
744,
693,
633,
575,
556,
546,
533,
499,
469,
426,
390,
348,
297,
254,
210,
163,
138,
109,
62,
12,
-29,
-72,
-89,
-103,
-144,
-206,
-255,
-293,
-302,
-318,
-356,
-372,
-362,
-389,
-450,
-527,
-554,
-447,
-224,
78,
407,
635,
674,
542,
229,
-178,
-485,
-624,
-654,
-641,
-617,
-590,
-555,
-523,
-513,
-524,
-517,
-495,
-479,
-464,
-437,
-410,
-401,
-406,
-404,
-405,
-373,
-330,
-287,
-263,
-256,
-260,
-247,
-225,
-203,
-183,
-160,
-123,
-105,
-89,
-74,
-61,
-52,
-35,
-33,
-63,
-86,
-85,
-87,
-103,
-114,
-134,
-161,
-186,
-186,
-161,
-143,
-136,
-125,
-88,
-52,
-34,
-13,
10,
45,
96,
146,
196,
233,
266,
301,
326,
334,
329,
316,
303,
292,
268,
235,
210,
180,
125,
64,
13,
-16,
-36,
-84,
-127,
-168,
-203,
-230,
-256,
-313,
-388,
-482,
-586,
-693,
-802,
-871,
-816,
-641,
-381,
-103,
79,
143,
133,
-11,
-188,
-275,
-287,
-205,
-61,
95,
244,
372,
469,
534,
551,
540,
507,
452,
376,
305,
267,
232,
171,
129,
116,
115,
117,
115,
112,
105,
98,
95,
91,
90,
99,
119,
122,
117,
106,
103,
98,
86,
70,
45,
23,
6,
-15,
-35,
-62,
-99,
-137,
-144,
-130,
-115,
-93,
-69,
-52,
-43,
-27,
17,
66,
109,
136,
144,
171,
194,
207,
226,
250,
260,
271,
269,
252,
246,
237,
202,
172,
143,
102,
65,
40,
20,
-11,
2,
13,
-20,
-38,
-43,
-73,
-110,
-121,
-129,
-156,
-189,
-210,
-269,
-356,
-375,
-275,
-49,
238,
553,
801,
852,
742,
479,
124,
-171,
-360,
-462,
-474,
-434,
-391,
-356,
-325,
-290,
-264,
-257,
-260,
-246,
-234,
-222,
-215,
-209,
-195,
-180,
-173,
-171,
-159,
-129,
-96,
-92,
-75,
-47,
-22,
-27,
-41,
-47,
-20,
60,
128,
176,
185,
160,
119,
123,
148,
138,
96,
48,
31,
10,
-13,
-41,
-84,
-74,
-65,
-68,
-57,
-32,
-22,
9,
40,
48,
81,
103,
120,
142,
169,
215,
245,
252,
242,
228,
213,
191,
204,
213,
201,
174,
143,
83,
45,
26,
-9,
-53,
-93,
-126,
-150,
-165,
-175,
-184,
-197,
-197,
-192,
-199,
-221,
-256,
-301,
-354,
-352,
-239,
2,
332,
664,
871,
899,
763,
476,
139,
-101,
-235,
-271,
-241,
-185,
-128,
-85,
-56,
-39,
-31,
-38,
-39,
-36,
-51,
-83,
-111,
-126,
-122,
-110,
-111,
-123,
-129,
-125,
-112,
-87,
-41,
6,
39,
49,
47,
43,
57,
96,
120,
131,
160,
168,
168,
150,
126,
106,
82,
55,
40,
50,
77,
133,
200,
257,
310,
359,
402,
434,
465,
484,
492,
515,
567,
600,
564,
491,
445,
434,
456,
491,
482,
471,
402,
293,
212,
228,
267,
239,
193,
116,
65,
36,
16,
-1,
-49,
-101,
-114,
-127,
-154,
-176,
-190,
-180,
-195,
-243,
-283,
-354,
-457,
-517,
-509,
-367,
-118,
208,
523,
714,
695,
491,
168,
-183,
-481,
-629,
-657,
-632,
-596,
-543,
-521,
-521,
-504,
-480,
-480,
-473,
-458,
-449,
-434,
-424,
-426,
-406,
-367,
-351,
-342,
-315,
-303,
-278,
-252,
-229,
-235,
-216,
-177,
-145,
-116,
-70,
-35,
-24,
-27,
-10,
9,
8,
-27,
-62,
-82,
-68,
-76,
-89,
-110,
-147,
-167,
-172,
-161,
-147,
-122,
-96,
-66,
-58,
-30,
11,
50,
87,
105,
98,
107,
128,
164,
203,
242,
254,
256,
248,
230,
229,
241,
239,
223,
198,
165,
126,
67,
1,
-54,
-102,
-142,
-164,
-170,
-173,
-178,
-180,
-201,
-234,
-282,
-359,
-453,
-549,
-617,
-606,
-470,
-190,
167,
476,
634,
643,
491,
195,
-53,
-163,
-164,
-106,
-12,
91,
182,
261,
322,
358,
361,
352,
321,
280,
263,
268,
257,
215,
152,
90,
32,
-27,
-64,
-84,
-92,
-78,
-40,
23,
74,
109,
131,
138,
141,
141,
135,
122,
131,
130,
109,
66,
12,
-23,
-47,
-73,
-94,
-104,
-111,
-119,
-113,
-100,
-93,
-77,
-43,
-6,
9,
43,
90,
150,
173,
186,
233,
247,
239,
248,
247,
250,
259,
223,
241,
242,
208,
173,
144,
153,
132,
75,
60,
36,
7,
-22,
-72,
-129,
-158,
-146,
-157,
-169,
-135,
-112,
-134,
-206,
-281,
-371,
-428,
-363,
-191,
27,
283,
537,
682,
666,
499,
163,
-177,
-408,
-518,
-543,
-528,
-477,
-434,
-434,
-397,
-343,
-314,
-323,
-336,
-320,
-295,
-285,
-285,
-276,
-247,
-223,
-204,
-204,
-218,
-217,
-182,
-140,
-103,
-76,
-58,
-46,
-33,
11,
43,
65,
80,
81,
78,
89,
107,
118,
87,
44,
-3,
-31,
-40,
-71,
-103,
-112,
-109,
-116,
-133,
-151,
-142,
-138,
-138,
-112,
-69,
-35,
6,
52,
89,
137,
167,
164,
179,
214,
224,
224,
225,
194,
164,
168,
150,
130,
114,
82,
37,
-12,
-47,
-69,
-89,
-120,
-150,
-149,
-125,
-114,
-109,
-107,
-100,
-102,
-127,
-184,
-246,
-258,
-218,
-38,
280,
645,
936,
1031,
968,
755,
411,
85,
-132,
-231,
-251,
-228,
-196,
-177,
-181,
-186,
-179,
-165,
-161,
-170,
-173,
-172,
-179,
-185,
-141,
-80,
-19,
32,
72,
92,
110,
138,
151,
145,
139,
158,
168,
172,
176,
182,
197,
203,
220,
251,
241,
197,
167,
165,
172,
153,
125,
116,
101,
95,
102,
108,
107,
135,
178,
214,
245,
261,
263,
272,
278,
276,
283,
276,
257,
247,
235,
219,
220,
215,
189,
152,
123,
96,
74,
48,
16,
-22,
-71,
-120,
-159,
-204,
-265,
-308,
-327,
-361,
-371,
-328,
-295,
-287,
-329,
-336,
-363,
-403,
-409,
-427,
-424,
-272,
0,
346,
664,
841,
865,
679,
319,
-32,
-265,
-379,
-425,
-394,
-327,
-273,
-239,
-227,
-235,
-248,
-241,
-231,
-231,
-210,
-199,
-185,
-187,
-202,
-195,
-166,
-169,
-175,
-168,
-147,
-136,
-129,
-117,
-112,
-103,
-93,
-81,
-54,
-16,
10,
24,
20,
8,
5,
4,
-4,
-18,
-38,
-62,
-75,
-96,
-123,
-136,
-136,
-124,
-114,
-107,
-104,
-110,
-116,
-101,
-66,
-35,
-5,
26,
52,
75,
96,
123,
153,
168,
175,
194,
206,
205,
209,
212,
208,
203,
195,
181,
155,
121,
94,
69,
50,
40,
25,
2,
-29,
-62,
-87,
-110,
-142,
-174,
-212,
-265,
-331,
-381,
-340,
-179,
94,
402,
620,
692,
611
